{
  "$schema": "https://docs.renovatebot.com/renovate-schema.json",
  "extends": [
    "config:base"
  ],
  "labels": [
    "dependencies"
  ],
  "lockFileMaintenance": {
    "enabled": true
  },
  "prCreation": "not-pending",
  "rangeStrategy": "update-lockfile",
  "rebaseWhen": "behind-base-branch",
  "github-actions": {
    "fileMatch": [
      "^ci\\/.*/[^/]+\\.ya?ml$"
    ]
  },
  "packageRules": [
    {
      "matchManagers": [
        "cargo"
      ],
      "matchUpdateTypes": [
        "patch"
      ],
      "enabled": false
    },
    {
      "matchManagers": [
        "cargo"
      ],
      "matchUpdateTypes": [
        "minor"
      ],
      "matchCurrentVersion": "!/^0/",
      "enabled": false
    }
  ]
}
